segment_index,start_lat,start_lon,end_lat,end_lon,distance_m,elev_delta_m,grade_pct,recommended_speed_mph,zone,zone_color,start_m,end_m
0,39.066091,-79.301486,39.064906,-79.302303,149.4574118482038,0.4700000000000273,0.314470854397895,2.765988711751567,steady,#fdae61,0.0,149.4574118482038
1,39.064906,-79.302303,39.06372,-79.303112,149.23149889467865,0.5599999999999454,0.37525589714485813,2.760107674334009,steady,#fdae61,149.4574118482038,298.68891074288246
2,39.06372,-79.303112,39.06365,-79.303219,12.08000717091497,-0.7999999999999545,-6.622512625043091,2.8433936574859344,speed-up,#1a9850,298.68891074288246,310.76891791379745
3,39.06365,-79.303219,39.063831,-79.303758,50.7013073471976,-2.3899999999998727,-4.713882392880693,2.836450589685224,speed-up,#1a9850,310.76891791379745,361.47022526099505
4,39.063831,-79.303758,39.063845,-79.304082,28.016363386440435,-2.980000000000018,-10.636641019020693,2.8404983816130014,speed-up,#1a9850,361.47022526099505,389.4865886474355
5,39.063845,-79.304082,39.064278,-79.3056,139.62285290031795,-3.759999999999991,-2.692968895775534,2.8232545026156055,speed-up,#1a9850,389.4865886474355,529.1094415477535
6,39.064278,-79.3056,39.064522,-79.307459,162.77566735867353,-3.9700000000000273,-2.4389394707577496,2.8211704296003575,speed-up,#1a9850,529.1094415477535,691.885108906427
7,39.064522,-79.307459,39.065129,-79.308816,135.20884621292387,-2.130000000000109,-1.5753407115432616,2.8133750635654717,steady,#fdae61,691.885108906427,827.0939551193509
8,39.065129,-79.308816,39.06547,-79.310262,130.47152578138213,0.5,0.38322537964168457,2.7593362125516276,steady,#fdae61,827.0939551193509,957.5654809007331
9,39.06547,-79.310262,39.065917,-79.313254,263.05105537292314,3.160000000000082,1.2012877102964676,2.6796488183306493,steady,#fdae61,957.5654809007331,1220.6165362736563
10,39.065917,-79.313254,39.065701,-79.314421,103.57533687922253,2.9300000000000637,2.828858769164987,2.518177735230369,slowdown,#d73027,1220.6165362736563,1324.1918731528788
11,39.065701,-79.314421,39.065205,-79.315419,102.30206563016108,0.1799999999998363,0.17594952642556225,2.7793705239750244,steady,#fdae61,1324.1918731528788,1426.4939387830398
12,39.065205,-79.315419,39.065017,-79.316407,87.82333853624486,-1.0499999999999545,-1.195581968871085,2.8095996218899484,steady,#fdae61,1426.4939387830398,1514.3172773192846
13,39.065017,-79.316407,39.064829,-79.317898,130.4123662613654,-2.6800000000000637,-2.0550198396285158,2.8178404738294507,steady,#fdae61,1514.3172773192846,1644.72964358065
14,39.064829,-79.317898,39.064564,-79.318652,71.45565338068506,-4.639999999999873,-6.493537992410402,2.8430934118617195,speed-up,#1a9850,1644.72964358065,1716.185296961335
15,39.064564,-79.318652,39.064501,-79.319739,94.10812777699937,-6.870000000000118,-7.300113350761177,2.8445688373913667,speed-up,#1a9850,1716.185296961335,1810.2934247383346
16,39.064501,-79.319739,39.064724,-79.320728,88.91365729489988,-8.61999999999989,-9.694798597036607,2.8433073257186168,speed-up,#1a9850,1810.2934247383346,1899.2070820332344
17,39.064724,-79.320728,39.064599,-79.321815,94.87057468975769,-7.960000000000036,-8.3903781820976,2.8450411647497917,speed-up,#1a9850,1899.2070820332344,1994.077656722992
18,39.064599,-79.321815,39.064187,-79.322327,63.66131983589163,-1.8699999999998909,-2.937419464158836,2.825170308978387,speed-up,#1a9850,1994.077656722992,2057.7389765588837
19,39.064187,-79.322327,39.06395,-79.322875,54.156702759140984,3.8899999999998727,7.182859741850307,2.067050416700618,slowdown,#d73027,2057.7389765588837,2111.8956793180246
20,39.06395,-79.322875,39.064089,-79.323405,48.2981815539461,4.309999999999945,8.923731414579118,1.8788660249761904,slowdown,#d73027,2111.8956793180246,2160.1938608719706
21,39.064089,-79.323405,39.063336,-79.323683,87.10197790988178,3.8500000000001364,4.420106285052972,2.356540694783638,slowdown,#d73027,2160.1938608719706,2247.2958387818526
22,39.063336,-79.323683,39.063169,-79.324087,39.515361727485804,3.8199999999999363,9.667126487020992,1.797147465778929,slowdown,#d73027,2247.2958387818526,2286.8112005093385
23,39.063169,-79.324087,39.063273,-79.324635,48.70568315913945,4.420000000000073,9.074916340991052,1.8623127419932957,slowdown,#d73027,2286.8112005093385,2335.516883668478
24,39.063273,-79.324635,39.063315,-79.325309,58.37846573873429,5.129999999999882,8.787486849960347,1.893754662013665,slowdown,#d73027,2335.516883668478,2393.895349407212
25,39.063315,-79.325309,39.062694,-79.326468,121.57822801969877,7.210000000000036,5.93033811845969,2.19968586571868,slowdown,#d73027,2393.895349407212,2515.4735774269107
26,39.062694,-79.326468,39.062757,-79.327564,94.88542751294487,9.8599999999999,10.391479765061645,1.716739633890839,slowdown,#d73027,2515.4735774269107,2610.3590049398554
27,39.062757,-79.327564,39.06305,-79.328148,60.03140325576809,9.700000000000045,16.15820966015487,1.0490466472345639,slowdown,#d73027,2610.3590049398554,2670.3904081956234
28,39.06305,-79.328148,39.063462,-79.329253,105.8322383450814,6.039999999999964,5.707145662275106,2.223078366017492,slowdown,#d73027,2670.3904081956234,2776.222646540705
29,39.063462,-79.329253,39.063866,-79.330357,105.37161491215129,0.020000000000209184,0.018980443658269126,2.794500339573507,steady,#fdae61,2776.222646540705,2881.5942614528562
30,39.063866,-79.330357,39.064759,-79.332091,179.64416585354164,-4.300000000000182,-2.393620733281057,2.8207886476150206,speed-up,#1a9850,2881.5942614528562,3061.238427306398
31,39.064759,-79.332091,39.065157,-79.33387,159.8392825490194,-4.449999999999818,-2.78404653038598,2.8239785763465677,speed-up,#1a9850,3061.238427306398,3221.0777098554177
32,39.065157,-79.33387,39.065457,-79.33475,82.97554438970403,0.07999999999992724,0.09641395014439218,2.7870412707746244,steady,#fdae61,3221.0777098554177,3304.0532542451215
33,39.065457,-79.33475,39.06554,-79.335568,71.22223554998955,3.9200000000000728,5.50389912606534,2.244316572856323,slowdown,#d73027,3304.0532542451215,3375.275489795111
34,39.06554,-79.335568,39.065338,-79.337104,134.49890503548085,4.2199999999998,3.13757201137553,2.4871104072033914,slowdown,#d73027,3375.275489795111,3509.7743948305915
35,39.065338,-79.337104,39.065087,-79.338308,107.6290388281705,4.430000000000064,4.115989558424421,2.3877206001988314,slowdown,#d73027,3509.7743948305915,3617.403433658762
36,39.065087,-79.338308,39.064773,-79.339413,101.58904944999387,4.210000000000036,4.144147447774245,2.3848394001196027,slowdown,#d73027,3617.403433658762,3718.992483108756
37,39.064773,-79.339413,39.064459,-79.340517,101.50837585692837,3.5699999999999363,3.5169511578351873,2.448739498189155,slowdown,#d73027,3718.992483108756,3820.5008589656845
38,39.064459,-79.340517,39.064494,-79.340877,31.323630209575438,2.7200000000000273,8.683540131847618,1.9050954553198132,slowdown,#d73027,3820.5008589656845,3851.82448917526
39,39.064494,-79.340877,39.064285,-79.341748,78.70782930371783,2.0599999999999454,2.6172745687736043,2.5393894703677775,slowdown,#d73027,3851.82448917526,3930.532318478978
40,39.064285,-79.341748,39.064187,-79.342952,104.51838013893195,1.8800000000001091,1.7987266904644936,2.6208299342064527,steady,#fdae61,3930.532318478978,4035.0506986179103
41,39.064187,-79.342952,39.064299,-79.343392,39.977239224549464,2.160000000000082,5.403074454110017,2.25482966373677,slowdown,#d73027,4035.0506986179103,4075.02793784246
42,39.064299,-79.343392,39.064766,-79.344147,83.33915389502228,2.6099999999999,3.131781255287968,2.4876944504046863,slowdown,#d73027,4075.02793784246,4158.367091737482
43,39.064766,-79.344147,39.065094,-79.344946,78.03017854756604,2.490000000000009,3.191073051924573,2.481712072715233,slowdown,#d73027,4158.367091737482,4236.397270285048
44,39.065094,-79.344946,39.065526,-79.345755,84.76902957266036,1.599999999999909,1.8874817938412967,2.6120470200951313,steady,#fdae61,4236.397270285048,4321.1662998577085
45,39.065526,-79.345755,39.06704,-79.346249,173.6673518145899,0.44000000000005457,0.253357925598938,2.771895989934068,steady,#fdae61,4321.1662998577085,4494.833651672298
46,39.06704,-79.346249,39.067619,-79.346617,71.79399406173586,-0.5699999999999363,-0.7939382777754247,2.805375625048184,steady,#fdae61,4494.833651672298,4566.627645734035
47,39.067619,-79.346617,39.067828,-79.347515,80.93438954084516,-0.9500000000000455,-1.173790282955812,2.80937653571137,steady,#fdae61,4566.627645734035,4647.56203527488
48,39.067828,-79.347515,39.068191,-79.348566,99.30749176992501,-0.6900000000000546,-0.6948116277054327,2.8042965987458777,steady,#fdae61,4647.56203527488,4746.869527044805
49,39.068191,-79.348566,39.068379,-79.349303,66.97228349291645,0.12000000000011823,0.17917860007388048,2.7790589017869904,steady,#fdae61,4746.869527044805,4813.841810537721
50,39.068379,-79.349303,39.068546,-79.349519,26.316486939981612,1.2200000000000273,4.635877132013881,2.3343359898682405,slowdown,#d73027,4813.841810537721,4840.158297477703
51,39.068546,-79.349519,39.068651,-79.349932,37.517593300967626,2.0599999999999454,5.4907573187718715,2.245687730512315,slowdown,#d73027,4840.158297477703,4877.675890778671
52,39.068651,-79.349932,39.068867,-79.350543,57.958809403343565,2.6399999999998727,4.554958991009872,2.342671204365924,slowdown,#d73027,4877.675890778671,4935.634700182014
53,39.068867,-79.350543,39.069153,-79.350731,35.703886651873674,2.650000000000091,7.422161138473768,2.041446918873633,slowdown,#d73027,4935.634700182014,4971.338586833887
54,39.069153,-79.350731,39.069578,-79.351207,62.62540513511605,1.9500000000000455,3.1137523115305465,2.4895124948267755,slowdown,#d73027,4971.338586833887,5033.9639919690035
55,39.069578,-79.351207,39.07015,-79.35242,122.51998433747755,1.0499999999999545,0.8570030478519828,2.71330561102597,steady,#fdae61,5033.9639919690035,5156.483976306481
56,39.07015,-79.35242,39.070687,-79.353417,104.75431191339923,0.14000000000010004,0.13364604992664983,2.7834516090597985,steady,#fdae61,5156.483976306481,5261.23828821988
57,39.070687,-79.353417,39.070708,-79.353812,34.17952781290971,-0.21000000000003638,-0.6144028704829525,2.80341069820837,steady,#fdae61,5261.23828821988,5295.417816032789
58,39.070708,-79.353812,39.070778,-79.35401,18.7817827066352,0.1799999999998363,0.9583754791085201,2.7034137053325993,steady,#fdae61,5295.417816032789,5314.199598739425
59,39.070778,-79.35401,39.070722,-79.354271,23.3762774136753,0.5600000000001728,2.395591009167989,2.561542997222767,slowdown,#d73027,5314.199598739425,5337.5758761531
60,39.070722,-79.354271,39.070966,-79.354801,53.193423375464214,0.8099999999999454,1.5227446338292316,2.6480661301479946,steady,#fdae61,5337.5758761531,5390.769299528564
61,39.070966,-79.354801,39.071029,-79.355394,51.66953619151136,0.8199999999999363,1.5870086330185633,2.641734039808035,steady,#fdae61,5390.769299528564,5442.438835720076
62,39.071029,-79.355394,39.071231,-79.355672,32.87051638691139,0.6600000000000819,2.0078784045597935,2.6001144334627746,steady,#fdae61,5442.438835720076,5475.309352106988
63,39.071231,-79.355672,39.071406,-79.356642,85.9689369513849,0.849999999999909,0.9887292202770644,2.7004488494008756,steady,#fdae61,5475.309352106988,5561.278289058373
64,39.071406,-79.356642,39.071524,-79.358017,119.42308032866914,1.150000000000091,0.9629629355021901,2.7029657043217377,steady,#fdae61,5561.278289058373,5680.701369387042
65,39.071524,-79.358017,39.071608,-79.358654,55.778047833997746,0.7400000000000091,1.3266868037446184,2.6673466289801406,steady,#fdae61,5680.701369387042,5736.4794172210395
66,39.071608,-79.358654,39.071552,-79.359427,67.02082272910216,-0.15000000000009095,-0.22381103945320133,2.798971970695404,steady,#fdae61,5736.4794172210395,5803.500239950142
67,39.071552,-79.359427,39.071789,-79.360478,94.47953170785252,-0.6699999999998454,-0.7091483074573277,2.804453552891181,steady,#fdae61,5803.500239950142,5897.979771657994
68,39.071789,-79.360478,39.071622,-79.361358,78.20444208134867,-0.42000000000007276,-0.5370538921090782,2.802549528027771,steady,#fdae61,5897.979771657994,5976.184213739343
69,39.071622,-79.361358,39.071789,-79.362113,67.77063508470883,0.13999999999987267,0.20657914718503362,2.776413990612295,steady,#fdae61,5976.184213739343,6043.9548488240525
70,39.071789,-79.362113,39.072138,-79.363011,86.69229116171825,0.2599999999999909,0.2999113260427961,2.767396559017981,steady,#fdae61,6043.9548488240525,6130.647139985771
71,39.072138,-79.363011,39.072054,-79.363954,81.94004910104287,-0.209999999999809,-0.25628493307448635,2.7993495665033477,steady,#fdae61,6130.647139985771,6212.587189086814
72,39.072054,-79.363954,39.071692,-79.364377,54.34800456181049,-0.7300000000000182,-1.3431955890299199,2.811092370140724,steady,#fdae61,6212.587189086814,6266.935193648625
73,39.071692,-79.364377,39.071336,-79.364664,46.69957240581805,-1.2000000000000455,-2.5696166756562078,2.8222543768176815,speed-up,#1a9850,6266.935193648625,6313.6347660544425
74,39.071336,-79.364664,39.069809,-79.365527,185.42030101010474,-1.490000000000009,-0.8035797546886787,2.805479803901712,steady,#fdae61,6313.6347660544425,6499.055067064547
75,39.069809,-79.365527,39.068239,-79.366344,188.28578626248418,-1.4300000000000637,-0.7594837764368144,2.805002216360346,steady,#fdae61,6499.055067064547,6687.340853327031
76,39.068239,-79.366344,39.067312,-79.366218,103.65007689365943,-1.5599999999999454,-1.5050640064651752,2.812692401691741,steady,#fdae61,6687.340853327031,6790.990930220691
77,39.067312,-79.366218,39.066377,-79.366083,104.61848952444352,-1.4700000000000273,-1.4051053563113909,2.8117088882616335,steady,#fdae61,6790.990930220691,6895.609419745134
78,39.066377,-79.366083,39.065756,-79.366524,78.852769676353,-0.6299999999998818,-0.7989573512581527,2.8054298746150765,steady,#fdae61,6895.609419745134,6974.462189421487
79,39.065756,-79.366524,39.064975,-79.366766,89.32114126234555,-0.15000000000009095,-0.16793336703964096,2.7983186099931183,steady,#fdae61,6974.462189421487,7063.783330683833
80,39.064975,-79.366766,39.064738,-79.367674,82.7035966903182,-0.01999999999998181,-0.024182745128813892,2.7966166574942166,steady,#fdae61,7063.783330683833,7146.4869273741515
81,39.064738,-79.367674,39.063587,-79.368123,133.72724706352253,-0.07999999999992724,-0.05982326097083716,2.7970414633790495,steady,#fdae61,7146.4869273741515,7280.214174437674
82,39.063587,-79.368123,39.063134,-79.368518,60.83006870762506,-0.43000000000006366,-0.7068872502295285,2.804428819534621,steady,#fdae61,7280.214174437674,7341.044243145299
83,39.063134,-79.368518,39.062436,-79.368563,77.71124091176218,-0.6300000000001091,-0.8106935272278659,2.805556582479874,steady,#fdae61,7341.044243145299,7418.755484057062
84,39.062436,-79.368563,39.062088,-79.368841,45.53536883976031,-0.8599999999999,-1.8886417787154723,2.816329997336277,steady,#fdae61,7418.755484057062,7464.290852896822
85,39.062088,-79.368841,39.061279,-79.369003,91.03758749621045,-0.8099999999999454,-0.8897423825446414,2.8064047399181016,steady,#fdae61,7464.290852896822,7555.328440393032
86,39.061279,-79.369003,39.059876,-79.369991,177.8057691832341,-0.9500000000000455,-0.5342908750171331,2.802518602878224,steady,#fdae61,7555.328440393032,7733.134209576266
87,39.059876,-79.369991,39.059311,-79.371671,158.07515155679738,-1.240000000000009,-0.7844370147919608,2.8052728273863305,steady,#fdae61,7733.134209576266,7891.209361133063
88,39.059311,-79.371671,39.058509,-79.371626,89.26293322578634,-2.4400000000000546,-2.7334974460543333,2.823578215273972,speed-up,#1a9850,7891.209361133063,7980.4722943588495
89,39.058509,-79.371626,39.057609,-79.372048,106.50235458164809,-3.7899999999999636,-3.5586067696695185,2.829642923839855,speed-up,#1a9850,7980.4722943588495,8086.974648940498
90,39.057609,-79.372048,39.056528,-79.372264,121.64001774242858,-4.519999999999982,-3.715882391246467,2.830685217454141,speed-up,#1a9850,8086.974648940498,8208.614666682926
91,39.056528,-79.372264,39.055447,-79.372479,121.6268521734004,-4.220000000000027,-3.4696285602982457,2.8290371232818563,speed-up,#1a9850,8208.614666682926,8330.241518856326
92,39.055447,-79.372479,39.054198,-79.371941,146.44593227497367,-2.25,-1.5364032070042721,2.8129977260793133,steady,#fdae61,8330.241518856326,8476.6874511313
93,39.054198,-79.371941,39.053382,-79.372497,102.65385058269284,-1.75,-1.7047582629063553,2.8146131940778183,steady,#fdae61,8476.6874511313,8579.341301713992
94,39.053382,-79.372497,39.052343,-79.373081,126.05777601111947,0.09999999999990905,0.07932870399925834,2.7886878291135764,steady,#fdae61,8579.341301713992,8705.399077725111
95,39.052343,-79.373081,39.052273,-79.374546,126.74310654875136,3.1400000000001,2.4774522934644247,2.5533707687271625,slowdown,#d73027,8705.399077725111,8832.142184273862
96,39.052273,-79.374546,39.051373,-79.375489,129.0187142491519,4.230000000000018,3.2785941362206867,2.4728719815750324,slowdown,#d73027,8832.142184273862,8961.160898523014
97,39.051373,-79.375489,39.050327,-79.376755,159.62256281429,5.149999999999864,3.226360928681203,2.478149167584252,slowdown,#d73027,8961.160898523014,9120.783461337303
98,39.050327,-79.376755,39.049273,-79.378022,160.33192726055444,4.9500000000000455,3.087345162361724,2.492174536533059,slowdown,#d73027,9120.783461337303,9281.115388597858
99,39.049273,-79.378022,39.048108,-79.378507,136.14432507528494,3.8400000000001455,2.820536219836344,2.5190133322971686,slowdown,#d73027,9281.115388597858,9417.259713673144
100,39.048108,-79.378507,39.047341,-79.379441,117.38533153882288,2.6699999999998454,2.274560172892467,2.573607457261883,steady,#fdae61,9417.259713673144,9534.645045211966
101,39.047341,-79.379441,39.046741,-79.38043,108.37691262477628,2.509999999999991,2.31599142216769,2.56947998112773,steady,#fdae61,9534.645045211966,9643.021957836743
102,39.046741,-79.38043,39.045785,-79.380933,114.83493694195258,1.150000000000091,1.0014373940758112,2.6992071530538433,steady,#fdae61,9643.021957836743,9757.856894778695
103,39.045785,-79.380933,39.044362,-79.381624,169.10913134905303,-2.349999999999909,-1.3896351907510809,2.8115553599351415,steady,#fdae61,9757.856894778695,9926.966026127748
104,39.044362,-79.381624,39.042938,-79.382316,169.24407766506968,-4.270000000000209,-2.522983408879125,2.82187044553716,speed-up,#1a9850,9926.966026127748,10096.210103792817
105,39.042938,-79.382316,39.041808,-79.382936,136.5835176657822,-5.069999999999936,-3.7120145143765804,2.8306600210427835,speed-up,#1a9850,10096.210103792817,10232.793621458599
106,39.041808,-79.382936,39.040671,-79.383556,137.3002496770647,-5.879999999999882,-4.282585074557301,2.8341389016859466,speed-up,#1a9850,10232.793621458599,10370.093871135663
107,39.040671,-79.383556,39.039492,-79.383771,132.40730411040838,-5.830000000000155,-4.4030803581189035,2.8348123004157793,speed-up,#1a9850,10370.093871135663,10502.50117524607
108,39.039492,-79.383771,39.038306,-79.383987,133.19013422923072,-4.990000000000009,-3.746523741324433,2.83088404539181,speed-up,#1a9850,10502.50117524607,10635.691309475302
109,39.038306,-79.383987,39.037817,-79.383619,62.98219518926142,-4.449999999999818,-7.06548888400535,2.8442384143023447,speed-up,#1a9850,10635.691309475302,10698.673504664563
110,39.037817,-79.383619,39.037601,-79.383789,28.15048776725547,-4.800000000000182,-17.05121431531116,2.78663828293495,steady,#fdae61,10698.673504664563,10726.823992431819
111,39.037601,-79.383789,39.036903,-79.383646,78.59061126476686,-5.449999999999818,-6.934670582519213,2.84401899767954,speed-up,#1a9850,10726.823992431819,10805.414603696585
112,39.036903,-79.383646,39.035773,-79.383987,129.05590171357858,-5.670000000000073,-4.3934449527026205,2.834759238238203,speed-up,#1a9850,10805.414603696585,10934.470505410163
113,39.035773,-79.383987,39.035145,-79.383726,73.37894948316475,-5.670000000000073,-7.727011683781239,2.844962199807634,speed-up,#1a9850,10934.470505410163,11007.849454893329
114,39.035145,-79.383726,39.034566,-79.384068,70.83496338807312,-7.3599999999999,-10.390349126995023,2.8413589992985115,speed-up,#1a9850,11007.849454893329,11078.684418281402
115,39.034566,-79.384068,39.033686,-79.384526,105.5453651561169,-6.830000000000155,-6.4711510447641105,2.8430388024541053,speed-up,#1a9850,11078.684418281402,11184.229783437519
116,39.033686,-79.384526,39.032751,-79.384229,107.08535092808567,-5.619999999999891,-5.248150144994214,2.8389345166149735,speed-up,#1a9850,11184.229783437519,11291.315134365605
117,39.032751,-79.384229,39.031767,-79.383753,116.88555040582997,-7.529999999999973,-6.4421992058518756,2.8429670851195215,speed-up,#1a9850,11291.315134365605,11408.200684771435
118,39.031767,-79.383753,39.030121,-79.383107,191.3436907115104,-8.579999999999927,-4.484077822527227,2.8352529506453408,speed-up,#1a9850,11408.200684771435,11599.544375482945
119,39.030121,-79.383107,39.028467,-79.38246,192.22023478585248,-8.470000000000027,-4.406403940478083,2.8348305716852353,speed-up,#1a9850,11599.544375482945,11791.764610268798
120,39.028467,-79.38246,39.028055,-79.382262,48.900814307539186,-8.190000000000055,-16.74818735837979,2.790545651268339,steady,#fdae61,11791.764610268798,11840.665424576337
121,39.028055,-79.382262,39.027218,-79.381561,111.03478158438533,-7.849999999999909,-7.06985674937721,2.844245305784834,speed-up,#1a9850,11840.665424576337,11951.700206160722
122,39.027218,-79.381561,39.025752,-79.380636,181.54181090953753,-6.9500000000000455,-3.828319198304812,2.83140803739659,speed-up,#1a9850,11951.700206160722,12133.242017070259
123,39.025752,-79.380636,39.024168,-79.380223,179.70969774381487,-5.690000000000055,-3.1662175561117647,2.8268837538163964,speed-up,#1a9850,12133.242017070259,12312.951714814073
124,39.024168,-79.380223,39.022584,-79.379801,179.86582129377305,-4.4500000000000455,-2.47406648355493,2.821464272958957,speed-up,#1a9850,12312.951714814073,12492.817536107847
125,39.022584,-79.379801,39.02153,-79.379585,118.67560014997143,-3.259999999999991,-2.7469842123235946,2.8236854016281447,speed-up,#1a9850,12492.817536107847,12611.493136257817
126,39.02153,-79.379585,39.020343,-79.379253,135.06865769163574,-1.9100000000000819,-1.4140956404265506,2.8117979473926313,steady,#fdae61,12611.493136257817,12746.561793949453
127,39.020343,-79.379253,39.01915,-79.37892,135.7390712623319,-0.5199999999999818,-0.3830879312523216,2.800809125966754,steady,#fdae61,12746.561793949453,12882.300865211786
128,39.01915,-79.37892,39.018647,-79.37716,162.0100223960486,0.6700000000000728,0.41355466167530996,2.7563994227413464,steady,#fdae61,12882.300865211786,13044.310887607835
129,39.018647,-79.37716,39.017377,-79.376881,143.25983360567162,1.5899999999999181,1.1098714552304008,2.688602558035838,steady,#fdae61,13044.310887607835,13187.570721213506
130,39.017377,-79.376881,39.017028,-79.376738,40.72608680186889,1.990000000000009,4.886302997096911,2.308479057635255,slowdown,#d73027,13187.570721213506,13228.296808015375
131,39.017028,-79.376738,39.017147,-79.375749,86.46201349753903,1.3300000000001546,1.5382477763347604,2.6465391236368925,steady,#fdae61,13228.296808015375,13314.758821512914
132,39.017147,-79.375749,39.016944,-79.374869,79.30677878234296,-0.2599999999999909,-0.32784082772238116,2.8001761164826746,steady,#fdae61,13314.758821512914,13394.065600295258
133,39.016944,-79.374869,39.015876,-79.374222,131.25373366105987,-1.5600000000001728,-1.1885376183115703,2.8095275838141474,steady,#fdae61,13394.065600295258,13525.319333956319
134,39.015876,-79.374222,39.014481,-79.374671,159.89393009470064,-1.8899999999998727,-1.1820336137090879,2.809461006658532,steady,#fdae61,13525.319333956319,13685.213264051019
135,39.014481,-79.374671,39.013461,-79.375255,124.13564830191079,-1.8099999999999454,-1.4580823677642039,2.8122319716200996,steady,#fdae61,13685.213264051019,13809.348912352929
136,39.013461,-79.375255,39.011793,-79.375749,190.32071022777245,-1.6100000000001273,-0.8459405169691243,2.8059359025381703,steady,#fdae61,13809.348912352929,13999.6696225807
137,39.011793,-79.375749,39.010495,-79.375642,144.62679656455265,-1.4400000000000546,-0.9956661104343314,2.8075268323140072,steady,#fdae61,13999.6696225807,14144.296419145254
138,39.010495,-79.375642,39.009371,-79.375031,135.6752219602111,-1.6799999999998363,-1.238251152809997,2.8100344112187856,steady,#fdae61,14144.296419145254,14279.971641105465
139,39.009371,-79.375031,39.00824,-79.37442,136.39290806085452,-2.0700000000001637,-1.5176742173988917,2.8128154313872704,steady,#fdae61,14279.971641105465,14416.36454916632
140,39.00824,-79.37442,39.007626,-79.375228,97.64969854668823,-2.0799999999999272,-2.1300628992781157,2.818508424611148,steady,#fdae61,14416.36454916632,14514.014247713007
141,39.007626,-79.375228,39.007459,-79.376154,82.13807688355612,-1.6900000000000546,-2.057511040093987,2.8178627807768515,steady,#fdae61,14514.014247713007,14596.152324596564
142,39.007459,-79.376154,39.006879,-79.376648,77.3390172287247,-1.3899999999998727,-1.797281695329856,2.815483247578781,steady,#fdae61,14596.152324596564,14673.491341825289
143,39.006879,-79.376648,39.006691,-79.377232,54.620059265333005,-1.7799999999999727,-3.258875995269612,2.8275557416574726,speed-up,#1a9850,14673.491341825289,14728.111401090622
144,39.006691,-79.377232,39.005392,-79.376639,153.26135134286204,-2.5800000000001546,-1.683398963531529,2.8144105495121456,steady,#fdae61,14728.111401090622,14881.372752433484
145,39.005392,-79.376639,39.004094,-79.376046,153.15687410400707,-3.1599999999998545,-2.0632439898544384,2.8179140806081913,steady,#fdae61,14881.372752433484,15034.529626537491
146,39.004094,-79.376046,39.002404,-79.375642,191.13454410709383,-3.5299999999999727,-1.8468665706090743,2.815944338011963,steady,#fdae61,15034.529626537491,15225.664170644584
147,39.002404,-79.375642,39.000897,-79.374851,180.97516842984928,-4.660000000000082,-2.574938893788857,2.822297991083092,speed-up,#1a9850,15225.664170644584,15406.639339074434
148,39.000897,-79.374851,39.000101,-79.3738,126.8176466693525,-4.769999999999982,-3.761306194583981,2.8309794727178845,speed-up,#1a9850,15406.639339074434,15533.456985743787
149,39.000101,-79.3738,38.999298,-79.372749,127.36285039469394,-1.8099999999999454,-1.4211365358036552,2.811867612508124,steady,#fdae61,15533.456985743787,15660.819836138482
150,38.999298,-79.372749,38.998691,-79.372057,90.17558451433901,-0.20000000000004547,-0.22178952437867822,2.7989484138580174,steady,#fdae61,15660.819836138482,15750.995420652822
151,38.998691,-79.372057,38.99832,-79.371815,46.25128403886029,-1.0699999999999363,-2.3134492852153534,2.8201058489352286,speed-up,#1a9850,15750.995420652822,15797.246704691683
152,38.99832,-79.371815,38.997497,-79.371024,114.22458112701294,-0.3400000000001455,-0.29765922242435694,2.799828404494473,steady,#fdae61,15797.246704691683,15911.471285818696
153,38.997497,-79.371024,38.996261,-79.369479,191.6131187424537,0.9800000000000182,0.5114472361974504,2.7469112293037705,steady,#fdae61,15911.471285818696,16103.08440456115
154,38.996261,-79.369479,38.994676,-79.368599,191.9518283653036,0.7100000000000364,0.36988446843488,2.760627586594329,steady,#fdae61,16103.08440456115,16295.036232926454
155,38.994676,-79.368599,38.99321,-79.36841,163.82804057229657,0.2999999999999545,0.18311883542766655,2.7786786280522886,steady,#fdae61,16295.036232926454,16458.86427349875
156,38.99321,-79.36841,38.992051,-79.368177,130.4386156978795,-0.11999999999989086,-0.09199729647379389,2.7974233458479043,steady,#fdae61,16458.86427349875,16589.30288919663
157,38.992051,-79.368177,38.990892,-79.367934,130.5748812234985,-1.4800000000000182,-1.133449240874113,2.8089617110644602,steady,#fdae61,16589.30288919663,16719.87777042013
158,38.990892,-79.367934,38.989893,-79.368347,116.67761170110403,-2.6900000000000546,-2.305497996386055,2.8200376142560333,speed-up,#1a9850,16719.87777042013,16836.555382121234
159,38.989893,-79.368347,38.989042,-79.3685,95.5463532304146,-3.089999999999918,-3.234032378554769,2.8273768079593458,speed-up,#1a9850,16836.555382121234,16932.101735351647
160,38.989042,-79.3685,38.988288,-79.368536,83.8986889980652,-2.300000000000182,-2.741401596934635,2.8236410661522022,speed-up,#1a9850,16932.101735351647,17016.000424349713
161,38.988288,-79.368536,38.987387,-79.367682,124.4403427545664,-1.8199999999999363,-1.4625482056004306,2.8122758775209573,steady,#fdae61,17016.000424349713,17140.44076710428
162,38.987387,-79.367682,38.987827,-79.366389,121.99439997918286,-3.5499999999999545,-2.9099696384471145,2.824959563312091,speed-up,#1a9850,17140.44076710428,17262.435167083462
163,38.987827,-79.366389,38.988525,-79.36532,120.66631677543543,-4.779999999999973,-3.9613374533472605,2.832239139282993,speed-up,#1a9850,17262.435167083462,17383.101483858896
164,38.988525,-79.36532,38.989509,-79.364233,144.21484901321583,-4.789999999999964,-3.3214332870542402,2.8280022803961034,speed-up,#1a9850,17383.101483858896,17527.316332872113
165,38.989509,-79.364233,38.990634,-79.363146,156.44303341707067,-5.050000000000182,-3.228012069119812,2.8273333105231044,speed-up,#1a9850,17527.316332872113,17683.759366289185
166,38.990634,-79.363146,38.991758,-79.362059,156.3532376624422,-5.209999999999809,-3.332198346444161,2.828078541295967,speed-up,#1a9850,17683.759366289185,17840.112603951628
167,38.991758,-79.362059,38.992784,-79.360963,148.28233996307952,-5.220000000000027,-3.5203113204847885,2.8293836210019316,speed-up,#1a9850,17840.112603951628,17988.394943914707
168,38.992784,-79.360963,38.993803,-79.359858,148.18350006592846,-5.009999999999991,-3.380943220919325,2.8284217205916553,speed-up,#1a9850,17988.394943914707,18136.578443980638
169,38.993803,-79.359858,38.994823,-79.358753,148.26765585664194,-4.519999999999982,-3.048540812144701,2.8260121089465122,speed-up,#1a9850,18136.578443980638,18284.84609983728
170,38.994823,-79.358753,38.995877,-79.358565,118.32023352334936,-3.7100000000000364,-3.1355583821324218,2.826658621362889,speed-up,#1a9850,18284.84609983728,18403.16633336063
171,38.995877,-79.358565,38.996924,-79.358367,117.67181212141647,-4.019999999999982,-3.4162812040763457,2.8286683243303212,speed-up,#1a9850,18403.16633336063,18520.83814548205
172,38.996924,-79.358367,38.998118,-79.358987,143.1702322206616,-3.380000000000109,-2.360825953533883,2.820510486776099,speed-up,#1a9850,18520.83814548205,18664.00837770271
173,38.998118,-79.358987,38.999312,-79.359607,143.16989388303884,-0.6599999999998545,-0.46099077264039506,2.801694085967509,steady,#fdae61,18664.00837770271,18807.178271585748
174,38.999312,-79.359607,39.000094,-79.359867,89.81024707754585,1.4399999999998272,1.6033805126451461,2.64011990652543,steady,#fdae61,18807.178271585748,18896.988518663293
175,39.000094,-79.359867,39.000792,-79.3609,118.28916969862404,2.660000000000082,2.24872657976821,2.576179780198999,steady,#fdae61,18896.988518663293,19015.277688361915
176,39.000792,-79.3609,39.002014,-79.361439,143.64124719237813,2.7899999999999636,1.9423390248507995,2.6066127301947186,steady,#fdae61,19015.277688361915,19158.918935554295
177,39.002014,-79.361439,39.003096,-79.361718,122.7046536217843,4.400000000000091,3.5858460703229103,2.4417486458875772,slowdown,#d73027,19158.918935554295,19281.62358917608
178,39.003096,-79.361718,39.004066,-79.362275,118.11066955832612,6.490000000000009,5.49484650647508,2.245261110119608,slowdown,#d73027,19281.62358917608,19399.734258734406
179,39.004066,-79.362275,39.005253,-79.361808,138.01918942379237,6.509999999999991,4.7167354243842325,2.3259973130113543,slowdown,#d73027,19399.734258734406,19537.7534481582
180,39.005253,-79.361808,39.006432,-79.361331,137.42522344035396,6.029999999999973,4.3878407828219,2.359855206793276,slowdown,#d73027,19537.7534481582,19675.178671598555
181,39.006432,-79.361331,39.007535,-79.361161,123.52449557221425,5.399999999999864,4.371602551368399,2.361522718727228,slowdown,#d73027,19675.178671598555,19798.70316717077
182,39.007535,-79.361161,39.008254,-79.360352,106.19845606662423,4.830000000000155,4.548088718888743,2.343378453352194,slowdown,#d73027,19798.70316717077,19904.901623237394
183,39.008254,-79.360352,39.008966,-79.359544,105.55608889468982,3.9199999999998454,3.713665446538771,2.4287601498522955,slowdown,#d73027,19904.901623237394,20010.457712132084
184,39.008966,-79.359544,39.009727,-79.358367,132.2975486423536,2.1800000000000637,1.647800750937089,2.6357384473074066,steady,#fdae61,20010.457712132084,20142.755260774436
185,39.009727,-79.358367,39.010488,-79.35719,132.2967075572125,0.2699999999999818,0.20408671159349803,2.776654625321864,steady,#fdae61,20142.755260774436,20275.05196833165
186,39.010488,-79.35719,39.011032,-79.356606,78.77249145001635,0.12000000000011823,0.15233744393658294,2.7816487447387708,steady,#fdae61,20275.05196833165,20353.824459781667
187,39.011032,-79.356606,39.012066,-79.355232,165.2648979449797,0.8999999999998636,0.5445802533938533,2.7436966315595432,steady,#fdae61,20353.824459781667,20519.089357726647
188,39.012066,-79.355232,39.012868,-79.355232,89.1783311685933,0.7699999999999818,0.8634384495761448,2.712678095199812,steady,#fdae61,20519.089357726647,20608.26768889524
189,39.012868,-79.355232,39.013901,-79.354765,121.74474970781657,0.4500000000000455,0.36962579583927097,2.7606526230052784,steady,#fdae61,20608.26768889524,20730.01243860306
190,39.013901,-79.354765,39.014753,-79.354675,95.05664399749298,0.2400000000000091,0.2524810364716209,2.7719807115014343,steady,#fdae61,20730.01243860306,20825.069082600552
191,39.014753,-79.354675,39.015534,-79.354765,87.19064616747596,0.5599999999999454,0.6422707304225,2.7342092000049956,steady,#fdae61,20825.069082600552,20912.25972876803
192,39.015534,-79.354765,39.016798,-79.35436,144.84028456487695,1.509999999999991,1.042527639693797,2.6951906606704092,steady,#fdae61,20912.25972876803,21057.100013332907
193,39.016798,-79.35436,39.017901,-79.353902,128.8727162204783,1.9100000000000819,1.4820825198814087,2.65206952847929,steady,#fdae61,21057.100013332907,21185.972729553385
194,39.017901,-79.353902,39.019017,-79.353372,132.27143275787512,1.099999999999909,0.8316232591306967,2.715779799179996,steady,#fdae61,21185.972729553385,21318.24416231126
195,39.019017,-79.353372,39.020134,-79.352833,132.6464483739276,1.1700000000000728,0.8820439705267245,2.7108635285287956,steady,#fdae61,21318.24416231126,21450.89061068519
196,39.020134,-79.352833,39.021097,-79.353184,111.29126871075451,3.6400000000001,3.2706968319863825,2.473670113746647,slowdown,#d73027,21450.89061068519,21562.181879395943
197,39.021097,-79.353184,39.022102,-79.353848,125.613071596393,7.740000000000009,6.161779105975039,2.1753514082317515,slowdown,#d73027,21562.181879395943,21687.794950992335
198,39.022102,-79.353848,39.023114,-79.353786,112.65665702201377,11.61999999999989,10.314525840873543,1.7253186762343864,slowdown,#d73027,21687.794950992335,21800.451608014348
199,39.023114,-79.353786,39.023805,-79.35339,84.10689945951727,12.620000000000118,15.004714335087858,1.1865189056731575,slowdown,#d73027,21800.451608014348,21884.558507473866
200,39.023805,-79.35339,39.024831,-79.351531,196.98898147716554,10.849999999999909,5.507922280037583,2.243896764060565,slowdown,#d73027,21884.558507473866,22081.547488951033
201,39.024831,-79.351531,39.026366,-79.350641,187.19996089839762,8.779999999999973,4.690171919835656,2.3287377902386925,slowdown,#d73027,22081.547488951033,22268.74744984943
202,39.026366,-79.350641,39.027518,-79.350183,134.0669489745286,7.279999999999973,5.4301228272026245,2.2520107710773067,slowdown,#d73027,22268.74744984943,22402.814398823957
203,39.027518,-79.350183,39.028669,-79.349725,133.96051956258552,6.2000000000000455,4.628229287438263,2.335124191322791,slowdown,#d73027,22402.814398823957,22536.77491838654
204,39.028669,-79.349725,39.029402,-79.349366,87.20571854383024,7.019999999999982,8.049930804103951,1.9738795538887421,slowdown,#d73027,22536.77491838654,22623.980636930373
205,39.029402,-79.349366,39.0301,-79.349258,78.17269194991826,8.990000000000009,11.500179635312417,1.5921711564287457,slowdown,#d73027,22623.980636930373,22702.153328880293
206,39.0301,-79.349258,39.031258,-79.348971,131.12838668644898,5.430000000000064,4.140979796376317,2.385163582014851,slowdown,#d73027,22702.153328880293,22833.281715566744
207,39.031258,-79.348971,39.031223,-79.348306,57.57207850849035,0.7300000000000182,1.2679757599725405,2.673109315970899,steady,#fdae61,22833.281715566744,22890.853794075232
208,39.031223,-79.348306,39.031272,-79.347488,70.86575444354165,-0.5900000000001455,-0.8325601055587368,2.8057921209386905,steady,#fdae61,22890.853794075232,22961.719548518773
209,39.031272,-79.347488,39.031509,-79.347102,42.498600531906305,-2.5,-5.882546645560945,2.8413383155760323,speed-up,#1a9850,22961.719548518773,23004.21814905068
210,39.031509,-79.347102,39.031907,-79.34624,86.6156018798715,-4.569999999999936,-5.276185699590403,2.839053257757823,speed-up,#1a9850,23004.21814905068,23090.833750930553
211,39.031907,-79.34624,39.032005,-79.345557,59.992546853822894,-5.730000000000018,-9.551186439811708,2.84362090672636,speed-up,#1a9850,23090.833750930553,23150.826297784377
212,39.032005,-79.345557,39.031921,-79.344892,58.194270053737434,-5.710000000000036,-9.811962577634086,2.8430290083935366,speed-up,#1a9850,23150.826297784377,23209.020567838113
213,39.031921,-79.344892,39.03206,-79.344308,52.75815274698006,-4.019999999999982,-7.619675425861249,2.8448885399157122,speed-up,#1a9850,23209.020567838113,23261.778720585095
214,39.03206,-79.344308,39.032416,-79.343599,72.92017451575151,-1.4299999999998363,-1.9610485157176105,2.8169923553520797,steady,#fdae61,23261.778720585095,23334.698895100846
215,39.032416,-79.343599,39.033184,-79.343347,88.12799828514963,-0.03000000000020009,-0.03404139499813802,2.7967343516268115,steady,#fdae61,23334.698895100846,23422.826893385994
216,39.033184,-79.343347,39.033498,-79.3435,37.332473536562,0.8600000000001273,2.3036244816670832,2.570712268657371,steady,#fdae61,23422.826893385994,23460.159366922555
217,39.033498,-79.3435,39.033896,-79.343437,44.588862946063166,2.230000000000018,5.001248860500286,2.2965797759368622,slowdown,#d73027,23460.159366922555,23504.74822986862
218,39.033896,-79.343437,39.034705,-79.343985,101.64916215805042,3.369999999999891,3.3153249160676856,2.469158620189088,slowdown,#d73027,23504.74822986862,23606.39739202667
219,39.034705,-79.343985,39.035515,-79.344533,101.74732753852241,3.4300000000000637,3.371095912766295,2.463516558494419,slowdown,#d73027,23606.39739202667,23708.144719565193
220,39.035515,-79.344533,39.035884,-79.344704,43.60818489891764,2.4500000000000455,5.618211364859753,2.2323790200526927,slowdown,#d73027,23708.144719565193,23751.75290446411
221,39.035884,-79.344704,39.035884,-79.345153,38.78050936604621,1.2100000000000364,3.120124051437645,2.4888700212138652,slowdown,#d73027,23751.75290446411,23790.533413830155
222,39.035884,-79.345153,39.03645,-79.345216,63.171113962516834,0.5299999999999727,0.8389910621402895,2.715061635121189,steady,#fdae61,23790.533413830155,23853.704527792674
223,39.03645,-79.345216,39.036784,-79.345665,53.69552926601304,0.6399999999998727,1.191905562247554,2.6805683166613794,steady,#fdae61,23853.704527792674,23907.400057058687
224,39.036784,-79.345665,39.037845,-79.345198,124.68210211679293,1.5,1.2030596008037397,2.6794751494838094,steady,#fdae61,23907.400057058687,24032.08215917548
225,39.037845,-79.345198,39.038934,-79.344335,142.1922016101107,2.769999999999982,1.9480674528096054,2.6060450028473716,steady,#fdae61,24032.08215917548,24174.27436078559
226,39.038934,-79.344335,39.039247,-79.34438,35.0203401881252,3.380000000000109,9.65153388528821,1.7988698525506308,slowdown,#d73027,24174.27436078559,24209.294700973714
227,39.039247,-79.34438,39.040462,-79.342898,186.10500366798664,2.349999999999909,1.2627280049881597,2.673624153802113,steady,#fdae61,24209.294700973714,24395.399704641703
228,39.040462,-79.342898,39.041417,-79.342727,107.2131791346103,0.4600000000000364,0.42905173012590975,2.7548983161588567,steady,#fdae61,24395.399704641703,24502.612883776314
229,39.041417,-79.342727,39.042478,-79.343069,121.61890484439425,-1.0299999999999727,-0.8469078070698055,2.8059462865124987,steady,#fdae61,24502.612883776314,24624.23178862071
230,39.042478,-79.343069,39.04305,-79.343158,64.06624310267247,-1.8299999999999272,-2.856418468408038,2.824545232495673,speed-up,#1a9850,24624.23178862071,24688.29803172338
231,39.04305,-79.343158,39.043483,-79.34288,53.801344296259295,-2.5299999999999727,-4.702484729876683,2.836393022223473,speed-up,#1a9850,24688.29803172338,24742.09937601964
232,39.043483,-79.34288,39.044201,-79.342817,80.02312912850468,-3.9600000000000364,-4.948569298809715,2.837593444747103,speed-up,#1a9850,24742.09937601964,24822.122505148145
233,39.044201,-79.342817,39.045464,-79.342,157.16654229136793,-6.070000000000164,-3.8621451560263447,2.8316218523476535,speed-up,#1a9850,24822.122505148145,24979.289047439514
234,39.045464,-79.342,39.046162,-79.34067,138.622116596968,-7.559999999999945,-5.453675203921464,2.8397781454760938,speed-up,#1a9850,24979.289047439514,25117.911164036483
235,39.046162,-79.34067,39.047013,-79.340086,107.22745713812239,-6.990000000000009,-6.518852714184963,2.8431542743816256,speed-up,#1a9850,25117.911164036483,25225.138621174607
236,39.047013,-79.340086,39.047815,-79.339682,95.75988807492845,-4.809999999999945,-5.022979972821505,2.8379388749703054,speed-up,#1a9850,25225.138621174607,25320.898509249535
237,39.047815,-79.339682,39.047683,-79.339098,52.52459213808059,-3.019999999999982,-5.749687674034249,2.8408839388341582,speed-up,#1a9850,25320.898509249535,25373.423101387616
238,39.047683,-79.339098,39.04792,-79.338514,56.90240992968127,-2.240000000000009,-3.936564378851706,2.8320863299622845,speed-up,#1a9850,25373.423101387616,25430.325511317296
239,39.04792,-79.338514,39.047076,-79.337858,109.62099438235352,-1.8099999999999454,-1.6511435698956898,2.8141032563982566,steady,#fdae61,25430.325511317296,25539.94650569965
240,39.047076,-79.337858,39.046755,-79.336628,112.05634465017542,-1.3099999999999454,-1.1690547323220173,2.80932796440658,steady,#fdae61,25539.94650569965,25652.002850349825
241,39.046755,-79.336628,39.046992,-79.33528,119.35547860006542,-0.3500000000001364,-0.29324167110326893,2.79977739890246,steady,#fdae61,25652.002850349825,25771.35832894989
242,39.046992,-79.33528,39.047683,-79.333969,136.82504694353534,0.30999999999994543,0.22656670465304174,2.774483941017173,steady,#fdae61,25771.35832894989,25908.183375893426
243,39.047683,-79.333969,39.048457,-79.333627,90.99122960650183,0.2799999999999727,0.30772196530462664,2.766641340715462,steady,#fdae61,25908.183375893426,25999.174605499928
244,39.048457,-79.333627,39.049796,-79.332846,163.45271666833406,0.39000000000010004,0.2386011122662823,2.773321584264732,steady,#fdae61,25999.174605499928,26162.62732216826
245,39.049796,-79.332846,39.050529,-79.331894,115.76456358258206,0.7300000000000182,0.6305902060255805,2.7353443199309866,steady,#fdae61,26162.62732216826,26278.391885750843
246,39.050529,-79.331894,39.051213,-79.330501,142.31716936757167,1.2300000000000182,0.8642667679984686,2.7125973214675616,steady,#fdae61,26278.391885750843,26420.709055118416
247,39.051213,-79.330501,39.051896,-79.3291,142.8413975545896,1.7100000000000364,1.1971319444326542,2.6800561205528095,steady,#fdae61,26420.709055118416,26563.550452673004
248,39.051896,-79.3291,39.052692,-79.327528,162.05093364147427,2.0299999999999727,1.2526925667032551,2.6746085806544584,steady,#fdae61,26563.550452673004,26725.601386314476
249,39.052692,-79.327528,39.05348,-79.325956,161.565501421814,2.099999999999909,1.2997824297386635,2.669988013843865,steady,#fdae61,26725.601386314476,26887.16688773629
250,39.05348,-79.325956,39.054136,-79.324635,135.39599415203563,2.009999999999991,1.4845343191933507,2.6518282049299104,steady,#fdae61,26887.16688773629,27022.562881888327
251,39.054136,-79.324635,39.054568,-79.32389,80.28546961878865,1.9300000000000637,2.4039219165860106,2.5607117718965187,slowdown,#d73027,27022.562881888327,27102.848351507117
252,39.054568,-79.32389,39.055656,-79.322722,157.504434126,1.900000000000091,1.2063152447378933,2.679156041011703,steady,#fdae61,27102.848351507117,27260.352785633117
253,39.055656,-79.322722,39.055789,-79.321931,69.88292594281312,1.759999999999991,2.5184978680489727,2.5492694679240633,slowdown,#d73027,27260.352785633117,27330.23571157593
254,39.055789,-79.321931,39.0562,-79.321356,67.48055217398439,1.3099999999999454,1.9413000602342232,2.606715693693109,steady,#fdae61,27330.23571157593,27397.716263749913
255,39.0562,-79.321356,39.056738,-79.321096,63.89657888223304,0.8199999999999363,1.2833237934557775,2.671603344530057,steady,#fdae61,27397.716263749913,27461.612842632145
256,39.056738,-79.321096,39.056954,-79.321527,44.29232254522357,0.5299999999999727,1.1965956390271235,2.6801086814270607,steady,#fdae61,27461.612842632145,27505.90516517737
257,39.056954,-79.321527,39.057902,-79.321015,114.30764577464353,0.5900000000001455,0.516150950360158,2.74645496877064,steady,#fdae61,27505.90516517737,27620.212810952013
258,39.057902,-79.321015,39.058851,-79.320494,114.71247195719714,0.9299999999998363,0.8107226565101384,2.7178166150159937,steady,#fdae61,27620.212810952013,27734.92528290921
259,39.058851,-79.320494,39.059988,-79.320584,126.66721757273575,1.4400000000000546,1.136837160864584,2.6859626885778365,steady,#fdae61,27734.92528290921,27861.592500481947
260,39.059988,-79.320584,39.06132,-79.320925,151.00959465623512,3.910000000000082,2.5892394512421397,2.5421951023334755,slowdown,#d73027,27861.592500481947,28012.602095138183
261,39.06132,-79.320925,39.063001,-79.321374,190.89630469706515,6.319999999999936,3.3106979257818505,2.4696265030574347,slowdown,#d73027,28012.602095138183,28203.498399835247
262,39.063001,-79.321374,39.06462,-79.321716,182.42999844868206,6.960000000000036,3.8151620123802714,2.4184293433650668,slowdown,#d73027,28203.498399835247,28385.92839828393
263,39.06462,-79.321716,39.064703,-79.320701,88.11535858919783,7.389999999999873,8.386733162436249,1.9373901434390233,slowdown,#d73027,28385.92839828393,28474.04375687313
264,39.064703,-79.320701,39.064501,-79.319739,86.03860891220909,7.009999999999991,8.14750504294271,1.9633254699349165,slowdown,#d73027,28474.04375687313,28560.082365785336
265,39.064501,-79.319739,39.064564,-79.318652,94.10812777699937,6.0900000000001455,6.471279520543794,2.1426863110576444,slowdown,#d73027,28560.082365785336,28654.190493562335
266,39.064564,-79.318652,39.064829,-79.317898,71.45565338068506,4.3599999999999,6.101686561833939,2.1816773117381962,slowdown,#d73027,28654.190493562335,28725.64614694302
267,39.064829,-79.317898,39.065017,-79.316407,130.4123662613654,2.560000000000173,1.9630040259138917,2.6045644566298094,steady,#fdae61,28725.64614694302,28856.058513204385
268,39.065017,-79.316407,39.065205,-79.315419,87.82333853624486,1.6499999999998636,1.8787716653687736,2.6129094589812745,steady,#fdae61,28856.058513204385,28943.88185174063
269,39.065205,-79.315419,39.065701,-79.314421,102.30206563016108,-1.3199999999999363,-1.290296527121901,2.8105611138571476,steady,#fdae61,28943.88185174063,29046.18391737079
270,39.065701,-79.314421,39.065917,-79.313254,103.57533687922253,-5.029999999999973,-4.856368467201194,2.837154122996571,speed-up,#1a9850,29046.18391737079,29149.75925425001
271,39.065917,-79.313254,39.065631,-79.311187,181.26451181638092,-5.2999999999999545,-2.9239038281077323,2.8250666814705827,speed-up,#1a9850,29149.75925425001,29331.02376606639
272,39.065631,-79.311187,39.065394,-79.30993,111.67653852979842,-0.38000000000010914,-0.34026842611952424,2.800318900888085,steady,#fdae61,29331.02376606639,29442.70030459619
273,39.065394,-79.30993,39.065129,-79.308825,99.84719124679262,3.8599999999999,3.865907444966705,2.413258544414444,slowdown,#d73027,29442.70030459619,29542.547495842984
274,39.065129,-79.308825,39.064529,-79.30745,136.1745690773188,3.9600000000000364,2.9080319672255257,2.510223523064903,slowdown,#d73027,29542.547495842984,29678.722064920305
275,39.064529,-79.30745,39.064271,-79.305582,163.80732731344455,3.7200000000000273,2.2709606835119316,2.5739659273622593,steady,#fdae61,29678.722064920305,29842.529392233748
276,39.064271,-79.305582,39.063845,-79.304082,137.89585376591486,3.400000000000091,2.465628883789183,2.5545517115457277,slowdown,#d73027,29842.529392233748,29980.425245999664
277,39.063845,-79.304082,39.063824,-79.303758,28.07037497723798,3.259999999999991,11.613667443500475,1.5793181001503256,slowdown,#d73027,29980.425245999664,30008.4956209769
278,39.063824,-79.303758,39.06365,-79.303219,50.397395437042604,1.75,3.472401668427753,2.4532562706565506,slowdown,#d73027,30008.4956209769,30058.893016413942
279,39.06365,-79.303219,39.06372,-79.303103,12.684118275058026,0.16999999999984539,1.3402587102497487,2.6660137785728297,steady,#fdae61,30058.893016413942,30071.577134689
280,39.06372,-79.303103,39.064906,-79.302303,148.86940602444136,-0.1999999999998181,-0.13434593805458062,2.797923670827962,steady,#fdae61,30071.577134689,30220.44654071344
281,39.064906,-79.302303,39.066091,-79.301495,149.0922802868008,-0.3300000000001546,-0.2213394277459245,2.798943168035998,steady,#fdae61,30220.44654071344,30369.538821000242
